city,X,Y,items,weights,profit
0,288.0,149.0,[],[],[]
1,288.0,129.0,"[0, 279, 558, 837, 1116, 1395, 1674, 1953, 2232, 2511]",[  1. 375. 283. 868. 274. 747. 155. 669.  43. 236.],[119. 850. 226.  11. 118. 381. 460. 780. 223.  97.]
2,270.0,133.0,"[1, 280, 559, 838, 1117, 1396, 1675, 1954, 2233, 2512]",[896. 875. 434. 203.  64. 521. 349. 809. 163. 498.],[187. 635. 112. 227. 300. 601. 505.   3. 914. 909.]
3,256.0,141.0,"[2, 281, 560, 839, 1118, 1397, 1676, 1955, 2234, 2513]",[367. 299. 930. 533. 268. 440. 680. 899. 375. 829.],[997. 317. 773. 443. 653. 523. 725. 608. 532. 730.]
4,256.0,157.0,"[3, 282, 561, 840, 1119, 1398, 1677, 1956, 2235, 2514]",[690. 969. 154. 137. 230.  89. 909. 170. 428. 560.],[ 22.  50. 911. 592. 532. 143.  27. 576. 763. 924.]
5,246.0,157.0,"[4, 283, 562, 841, 1120, 1399, 1678, 1957, 2236, 2515]",[613. 215. 123. 451.  83. 582. 502. 894. 666. 241.],[347. 426. 718. 153. 284. 582. 549. 181. 926. 277.]
6,236.0,169.0,"[5, 284, 563, 842, 1121, 1400, 1679, 1958, 2237, 2516]",[874. 435. 862. 155. 863. 500. 371. 631. 969. 884.],[522. 791.  26. 235. 109.  78. 474. 191. 716. 294.]
7,228.0,169.0,"[6, 285, 564, 843, 1122, 1401, 1680, 1959, 2238, 2517]",[122. 648. 530. 302. 426. 349. 239. 758. 822. 408.],[730.  93. 994. 959. 906. 300.  10. 145. 344. 767.]
8,228.0,161.0,"[7, 286, 565, 844, 1123, 1402, 1681, 1960, 2239, 2518]",[486. 515. 104. 643.  53.  29. 645. 545. 382. 935.],[705. 185.  91. 666. 587. 581. 112. 472.  37. 343.]
9,220.0,169.0,"[8, 287, 566, 845, 1124, 1403, 1682, 1961, 2240, 2519]",[823. 351. 779. 471. 707.  85. 215. 693. 435. 834.],[232. 582.  84. 597.  85. 321. 981. 459. 323. 295.]
10,212.0,169.0,"[9, 288, 567, 846, 1125, 1404, 1683, 1962, 2241, 2520]",[463. 582. 459. 224. 182. 573. 715. 667. 558. 155.],[554.   2. 568. 320. 646. 783. 312. 548. 918. 970.]
11,204.0,169.0,"[10, 289, 568, 847, 1126, 1405, 1684, 1963, 2242, 2521]",[589.  32. 823. 160. 883. 909. 861. 216. 118. 759.],[675. 411. 533. 495. 546. 751. 271. 530. 995. 570.]
12,196.0,169.0,"[11, 290, 569, 848, 1127, 1406, 1685, 1964, 2243, 2522]",[325. 901. 343. 239. 263. 322. 186. 718. 971.  18.],[970. 992. 939. 536. 294. 425. 257. 761. 402. 812.]
13,188.0,169.0,"[12, 291, 570, 849, 1128, 1407, 1686, 1965, 2244, 2523]",[1000.  902.  246.   99.  849.  231.  166.   30.  852.   75.],[407. 188. 591. 347. 839. 685. 633. 277. 316. 712.]
14,196.0,161.0,"[13, 292, 571, 850, 1129, 1408, 1687, 1966, 2245, 2524]",[776. 494. 883. 673. 564. 720. 942. 109. 711. 161.],[276. 962. 890. 462. 319. 625. 639. 447. 518. 869.]
15,188.0,145.0,"[14, 293, 572, 851, 1130, 1409, 1688, 1967, 2246, 2525]",[123. 766. 227. 940. 411. 842. 328. 526. 177. 405.],[331. 620.  32. 695.  57. 270. 690. 829. 435. 124.]
16,172.0,145.0,"[15, 294, 573, 852, 1131, 1410, 1689, 1968, 2247, 2526]",[356. 602. 823. 153. 846. 750. 764.  28. 573. 925.],[361. 927. 815. 640. 659. 206. 251. 344. 280. 584.]
17,164.0,145.0,"[16, 295, 574, 853, 1132, 1411, 1690, 1969, 2248, 2527]",[305. 494.  32. 155. 820.  83. 264. 609. 897. 667.],[798. 559. 930. 583. 215. 425. 579. 262. 993. 586.]
18,156.0,145.0,"[17, 296, 575, 854, 1133, 1412, 1691, 1970, 2249, 2528]",[ 47. 147. 126. 488. 737. 704. 585. 322. 281. 456.],[427. 711. 386. 147. 694. 978. 633. 165. 378. 130.]
19,148.0,145.0,"[18, 297, 576, 855, 1134, 1413, 1692, 1971, 2250, 2529]",[645. 418. 166. 634. 198. 585. 888. 185. 977. 972.],[439. 271.  71. 964. 919. 438. 807. 908. 330. 152.]
20,140.0,145.0,"[19, 298, 577, 856, 1135, 1414, 1693, 1972, 2251, 2530]",[139. 628. 324. 623. 929. 893.  83. 528. 169. 872.],[ 91.  37. 907. 266. 477. 819. 455. 123. 230.  87.]
21,148.0,169.0,"[20, 299, 578, 857, 1136, 1415, 1694, 1973, 2252, 2531]",[247. 219. 361. 871. 600. 724. 849. 653. 883.  97.],[650. 497. 777. 296. 798. 240. 294. 963. 132. 703.]
22,164.0,169.0,"[21, 300, 579, 858, 1137, 1416, 1695, 1974, 2253, 2532]",[211. 837. 706. 208. 769. 940. 730. 117. 255. 389.],[ 10. 892. 764. 233.  80. 281. 781. 612. 892. 600.]
23,172.0,169.0,"[22, 301, 580, 859, 1138, 1417, 1696, 1975, 2254, 2533]",[100. 340. 503. 102. 172.  18. 760. 850. 381. 321.],[838. 676. 648. 141. 947. 157. 984. 231. 355. 123.]
24,156.0,169.0,"[23, 302, 581, 860, 1139, 1418, 1697, 1976, 2255, 2534]",[627. 441. 419. 289. 975. 800. 386. 687.  60. 172.],[725.  63. 322. 913. 327. 987. 655. 297. 350. 560.]
25,140.0,169.0,"[24, 303, 582, 861, 1140, 1419, 1698, 1977, 2256, 2535]",[760. 315. 195. 703. 624. 453. 408. 391. 509. 935.],[843.  17. 492. 461. 477. 970. 943.   9. 273. 125.]
26,132.0,169.0,"[25, 304, 583, 862, 1141, 1420, 1699, 1978, 2257, 2536]",[776. 109. 945. 295. 487. 765. 687. 448. 394. 852.],[137. 781. 508. 476. 264. 930. 112. 661. 532. 158.]
27,124.0,169.0,"[26, 305, 584, 863, 1142, 1421, 1700, 1979, 2258, 2537]",[475. 343. 970. 807. 366. 884.  53. 557. 683.  90.],[977. 958. 810. 381. 835.  75. 118. 595. 315. 186.]
28,116.0,161.0,"[27, 306, 585, 864, 1143, 1422, 1701, 1980, 2259, 2538]",[937. 616. 257. 547. 723. 437. 237. 523. 854.   4.],[718. 985. 659. 495. 318.   7. 225. 901. 819. 893.]
29,104.0,153.0,"[28, 307, 586, 865, 1144, 1423, 1702, 1981, 2260, 2539]",[101. 532.  41. 325. 346. 317. 936.  17. 835. 377.],[ 99. 509.  60. 411. 370. 801. 654. 410. 398. 956.]
30,104.0,161.0,"[29, 308, 587, 866, 1145, 1424, 1703, 1982, 2261, 2540]",[281. 522. 352. 859.  60.  36. 116. 593. 992. 200.],[609. 608. 882. 368. 221. 960. 687. 340. 449. 454.]
31,104.0,169.0,"[30, 309, 588, 867, 1146, 1425, 1704, 1983, 2262, 2541]",[751. 897. 137. 756. 376. 828. 500. 720. 349. 809.],[819. 274.   9.  86. 241. 669. 351. 810. 800. 382.]
32,90.0,165.0,"[31, 310, 589, 868, 1147, 1426, 1705, 1984, 2263, 2542]",[530. 514. 192. 328. 599.  68. 836. 189. 112. 446.],[ 97. 819.  64.  93. 690. 773. 451. 595. 892. 975.]
33,80.0,157.0,"[32, 311, 590, 869, 1148, 1427, 1706, 1985, 2264, 2543]",[240. 986.  41. 544. 808. 186. 995. 854. 499. 740.],[975. 353.  60. 244. 632. 392. 210.  97. 196. 157.]
34,64.0,157.0,"[33, 312, 591, 870, 1149, 1428, 1707, 1986, 2265, 2544]",[248. 888. 380. 990. 743. 974. 467. 520. 903. 937.],[226. 932. 792. 379. 128. 105. 114. 614. 504. 253.]
35,64.0,165.0,"[34, 313, 592, 871, 1150, 1429, 1708, 1987, 2266, 2545]",[768. 759. 222. 311. 279. 412. 877. 874. 974. 296.],[241. 446. 176. 566. 471. 597. 389. 433. 645. 722.]
36,56.0,169.0,"[35, 314, 593, 872, 1151, 1430, 1709, 1988, 2267, 2546]",[ 31. 323.  52. 726. 499. 358. 744. 361. 311. 297.],[584. 981. 266. 560. 157. 340. 525.   9. 895. 173.]
37,56.0,161.0,"[36, 315, 594, 873, 1152, 1431, 1710, 1989, 2268, 2547]",[613. 176. 656.  69. 227. 735. 847. 857. 589. 937.],[348. 742.  48. 360. 883.  62. 696. 281. 147. 133.]
38,56.0,153.0,"[37, 316, 595, 874, 1153, 1432, 1711, 1990, 2269, 2548]",[881. 919. 612.   4. 763. 833. 811. 693. 416. 301.],[475. 883. 290. 360. 563. 685. 899.   9. 322. 305.]
39,56.0,145.0,"[38, 317, 596, 875, 1154, 1433, 1712, 1991, 2270, 2549]",[367.  67. 364. 387.  98. 805. 996.  70. 324. 572.],[178. 978. 820. 725. 307. 235. 453. 741. 595. 651.]
40,56.0,137.0,"[39, 318, 597, 876, 1155, 1434, 1713, 1992, 2271, 2550]",[712. 503. 199. 309. 260. 206. 259. 775. 584. 735.],[641. 290. 125.   4. 626. 533. 642. 119. 886. 310.]
41,56.0,129.0,"[40, 319, 598, 877, 1156, 1435, 1714, 1993, 2272, 2551]",[410. 556. 826. 678. 608. 551. 899. 315. 301. 385.],[898. 260. 344. 144. 849. 641. 525. 985. 449. 359.]
42,56.0,121.0,"[41, 320, 599, 878, 1157, 1436, 1715, 1994, 2273, 2552]",[157. 716. 652. 634. 222. 766.  99. 308. 350. 986.],[250. 155. 212. 634. 762. 959. 244. 127. 842. 441.]
43,40.0,121.0,"[42, 321, 600, 879, 1158, 1437, 1716, 1995, 2274, 2553]",[824. 319. 474.  72. 963. 168. 548. 135. 317. 779.],[391. 713. 511. 981.  43. 862. 620. 653. 361. 823.]
44,40.0,129.0,"[43, 322, 601, 880, 1159, 1438, 1717, 1996, 2275, 2554]",[242. 471. 858. 249. 295. 177. 882. 157. 356. 274.],[101.  80. 906. 909. 679. 475. 990. 295. 277. 737.]
45,40.0,137.0,"[44, 323, 602, 881, 1160, 1439, 1718, 1997, 2276, 2555]",[472. 517. 480. 789. 404. 593. 936. 244. 605. 928.],[636. 479. 438. 653. 201. 947. 310. 506. 140. 981.]
46,40.0,145.0,"[45, 324, 603, 882, 1161, 1440, 1719, 1998, 2277, 2556]",[722. 105. 582.  94. 998. 999. 645. 802. 302.  55.],[ 87.  49. 791. 244. 749. 514. 860. 882. 740. 984.]
47,40.0,153.0,"[46, 325, 604, 883, 1162, 1441, 1720, 1999, 2278, 2557]",[775. 153. 369. 979. 637. 766. 132. 747. 651. 984.],[652.  88. 259. 760. 226. 147. 588.  91.  37. 558.]
48,40.0,161.0,"[47, 326, 605, 884, 1163, 1442, 1721, 2000, 2279, 2558]",[371. 140. 597. 246. 261. 127. 452. 712.  91. 232.],[867. 182. 367. 544. 859. 459. 312. 341. 761. 940.]
49,40.0,169.0,"[48, 327, 606, 885, 1164, 1443, 1722, 2001, 2280, 2559]",[337. 886. 633. 822. 857. 836. 649. 543.  29. 395.],[ 54. 645. 243. 597. 479. 720. 494.  46. 490. 104.]
50,32.0,169.0,"[49, 328, 607, 886, 1165, 1444, 1723, 2002, 2281, 2560]",[885. 692. 360. 107. 940. 719. 590. 766. 351.  16.],[509. 764. 509. 599. 460. 892. 426. 409. 511. 450.]
51,32.0,161.0,"[50, 329, 608, 887, 1166, 1445, 1724, 2003, 2282, 2561]",[204. 319. 715. 496. 564. 653. 300. 715. 258. 628.],[989. 950. 818.  61. 289. 141. 509.  26. 232. 940.]
52,32.0,153.0,"[51, 330, 609, 888, 1167, 1446, 1725, 2004, 2283, 2562]",[594. 560. 980. 681. 918. 577. 409. 442. 698. 576.],[129. 421. 256. 711. 256. 404. 745. 319. 418. 506.]
53,32.0,145.0,"[52, 331, 610, 889, 1168, 1447, 1726, 2005, 2284, 2563]",[226. 642. 652. 434. 473. 562. 325. 544. 917. 788.],[597. 141. 118. 990. 422. 877. 864. 179. 184. 338.]
54,32.0,137.0,"[53, 332, 611, 890, 1169, 1448, 1727, 2006, 2285, 2564]",[226. 696. 266. 755. 234. 535.  74. 651. 209. 465.],[513. 184. 120. 124. 641. 789. 424. 586. 611. 221.]
55,32.0,129.0,"[54, 333, 612, 891, 1170, 1449, 1728, 2007, 2286, 2565]",[921. 258. 236. 306. 786. 691. 486. 910. 678. 756.],[201. 698. 181. 555. 694. 266. 131. 304. 926. 524.]
56,32.0,121.0,"[55, 334, 613, 892, 1171, 1450, 1729, 2008, 2287, 2566]",[537. 250. 146. 971. 321. 803. 349. 370. 919. 851.],[227. 879. 298. 665. 361. 616. 411. 909. 937. 651.]
57,32.0,113.0,"[56, 335, 614, 893, 1172, 1451, 1730, 2009, 2288, 2567]",[112. 639.  50. 113. 783. 966. 706. 614. 935. 555.],[ 82.   9. 508. 393. 828. 922. 897. 286. 480. 963.]
58,40.0,113.0,"[57, 336, 615, 894, 1173, 1452, 1731, 2010, 2289, 2568]",[959. 372. 310. 773.   6. 917. 978. 666. 279. 383.],[296.  15.  38. 517. 633. 561.  96. 213. 324. 545.]
59,56.0,113.0,"[58, 337, 616, 895, 1174, 1453, 1732, 2011, 2290, 2569]",[392. 132. 387. 791. 102. 194. 991. 667.  72. 751.],[802. 992. 417.  60. 847. 316. 870. 453. 331.  94.]
60,56.0,105.0,"[59, 338, 617, 896, 1175, 1454, 1733, 2012, 2291, 2570]",[709. 856. 950. 302. 223.  49. 764. 241. 113. 462.],[537. 883.  42. 541. 740. 689. 219.  49. 218. 671.]
61,48.0,99.0,"[60, 339, 618, 897, 1176, 1455, 1734, 2013, 2292, 2571]",[940. 453.  94. 812. 531. 367. 761. 331. 207. 908.],[943. 188. 360. 175. 769. 841. 239. 232. 536. 937.]
62,40.0,99.0,"[61, 340, 619, 898, 1177, 1456, 1735, 2014, 2293, 2572]",[943. 503. 953. 542. 231. 812. 503. 634. 543. 164.],[997.  89. 887. 952. 443. 409. 986. 703. 284. 984.]
63,32.0,97.0,"[62, 341, 620, 899, 1178, 1457, 1736, 2015, 2294, 2573]",[ 79. 539. 799. 734. 652. 637. 845. 901. 432. 662.],[642. 916. 706. 507. 599.  13. 477. 778.  70. 625.]
64,32.0,89.0,"[63, 342, 621, 900, 1179, 1458, 1737, 2016, 2295, 2574]",[922. 819. 530. 167. 333. 499. 789. 489. 242. 773.],[205. 934. 185. 536.  89. 564. 287. 704. 579. 186.]
65,24.0,89.0,"[64, 343, 622, 901, 1180, 1459, 1738, 2017, 2296, 2575]",[361. 126. 422. 283. 876. 253.  62. 705. 428. 445.],[551. 333. 700. 839. 895. 772. 948.  20. 529. 909.]
66,16.0,97.0,"[65, 344, 623, 902, 1181, 1460, 1739, 2018, 2297, 2576]",[947. 430. 702. 681.  76. 504.  77. 346. 382. 586.],[904. 877. 285.  27. 998. 878. 260. 755. 380. 702.]
67,16.0,109.0,"[66, 345, 624, 903, 1182, 1461, 1740, 2019, 2298, 2577]",[861. 598. 835. 850.  26. 263. 112.  38. 961.  76.],[400. 532. 452. 486. 952. 561. 641. 835. 761. 257.]
68,8.0,109.0,"[67, 346, 625, 904, 1183, 1462, 1741, 2020, 2299, 2578]",[937. 696. 920. 996. 752. 162. 210. 774. 886. 279.],[250. 434. 386. 985. 337. 369.  72. 784. 667. 818.]
69,8.0,97.0,"[68, 347, 626, 905, 1184, 1463, 1742, 2021, 2300, 2579]",[754. 597.  73. 794. 157. 152. 327. 604. 110.  30.],[586. 458. 798. 702. 443. 418. 258. 790. 845. 668.]
70,8.0,89.0,"[69, 348, 627, 906, 1185, 1464, 1743, 2022, 2301, 2580]",[872. 697. 455.  33. 698. 352.   3. 923. 254. 116.],[631. 637. 530. 584. 639. 750. 416.  18. 411. 529.]
71,8.0,81.0,"[70, 349, 628, 907, 1186, 1465, 1744, 2023, 2302, 2581]",[636.  52. 972. 662.   6. 864. 890. 327. 345.  46.],[752. 649. 308. 188. 159. 991. 368. 365. 470.  73.]
72,8.0,73.0,"[71, 350, 629, 908, 1187, 1466, 1745, 2024, 2303, 2582]",[459. 652. 462. 654. 104. 690. 931. 470. 139. 310.],[510. 290. 186. 828. 992. 536. 833. 183.  51. 772.]
73,8.0,65.0,"[72, 351, 630, 909, 1188, 1467, 1746, 2025, 2304, 2583]",[390. 625. 392. 955.  98. 542. 378. 844. 407. 185.],[542.  45.  52.  76. 530. 201.  64. 741.  96. 923.]
74,8.0,57.0,"[73, 352, 631, 910, 1189, 1468, 1747, 2026, 2305, 2584]",[141.  91.   5. 916. 388. 925. 367. 352. 921. 818.],[576. 638. 549.  98. 776. 724. 953. 972. 844. 233.]
75,16.0,57.0,"[74, 353, 632, 911, 1190, 1469, 1748, 2027, 2306, 2585]",[111. 546. 487. 568. 835. 969. 401. 251. 392. 666.],[550. 406. 707.  22. 523.  72.   7. 616. 115. 954.]
76,8.0,49.0,"[75, 354, 633, 912, 1191, 1470, 1749, 2028, 2307, 2586]",[588. 317. 969. 429. 863. 432. 320. 210. 577. 853.],[504. 324. 943.  43. 427. 124. 829. 729. 832. 314.]
77,8.0,41.0,"[76, 355, 634, 913, 1192, 1471, 1750, 2029, 2308, 2587]",[  6. 313. 735. 641. 194. 268. 985. 105. 484. 841.],[702. 146.  31. 845.  52. 957. 787. 481. 760.  18.]
78,24.0,45.0,"[77, 356, 635, 914, 1193, 1472, 1751, 2030, 2309, 2588]",[155.  89. 869. 879. 114. 951.  85. 839. 828. 667.],[ 20. 181. 141. 926. 218. 332. 469. 861. 277. 433.]
79,32.0,41.0,"[78, 357, 636, 915, 1194, 1473, 1752, 2031, 2310, 2589]",[723. 283. 454. 456. 898. 540. 946. 929. 694. 889.],[179. 367. 147.  50. 382. 334. 222. 653. 775. 466.]
80,32.0,49.0,"[79, 358, 637, 916, 1195, 1474, 1753, 2032, 2311, 2590]",[723. 917. 570. 888. 697. 316. 830. 773. 169. 634.],[770. 501.  50. 358. 474. 292. 804. 162. 326. 759.]
81,32.0,57.0,"[80, 359, 638, 917, 1196, 1475, 1754, 2033, 2312, 2591]",[667. 806. 290. 744. 356. 593. 806. 663. 907. 756.],[ 95. 950. 347. 477. 132. 736. 197.  21. 109. 498.]
82,32.0,65.0,"[81, 360, 639, 918, 1197, 1476, 1755, 2034, 2313, 2592]",[829. 912. 683. 702. 773. 244. 814. 334. 447. 114.],[598. 802.  91. 499. 979. 563. 748. 160.  42. 188.]
83,32.0,73.0,"[82, 361, 640, 919, 1198, 1477, 1756, 2035, 2314, 2593]",[487. 511. 193. 511. 723. 295. 429. 305. 463. 446.],[885. 963. 215. 611. 138. 190. 512. 912. 330. 205.]
84,32.0,81.0,"[83, 362, 641, 920, 1199, 1478, 1757, 2036, 2315, 2594]",[590. 168. 374. 252. 100. 741. 454. 521.  40. 291.],[239. 144. 308. 708. 670. 493. 902. 528. 206. 624.]
85,40.0,83.0,"[84, 363, 642, 921, 1200, 1479, 1758, 2037, 2316, 2595]",[370. 758. 842. 656. 659. 848. 865. 738. 805. 163.],[ 37. 121. 797. 931. 654. 783. 330. 117. 953.  62.]
86,40.0,73.0,"[85, 364, 643, 922, 1201, 1480, 1759, 2038, 2317, 2596]",[823. 392. 191. 874.  94. 411. 810. 480. 602. 739.],[898. 584. 604. 402. 896.  51. 383. 886. 805. 856.]
87,40.0,63.0,"[86, 365, 644, 923, 1202, 1481, 1760, 2039, 2318, 2597]",[173. 646. 911. 306. 851. 887. 213. 667. 496. 102.],[923. 418. 495. 618. 572. 934. 759. 254. 688. 991.]
88,40.0,51.0,"[87, 366, 645, 924, 1203, 1482, 1761, 2040, 2319, 2598]",[ 56. 114.  31. 346. 447. 313.  19. 311. 754. 530.],[261. 879. 235. 839.  19. 440. 422. 850. 704. 876.]
89,44.0,43.0,"[88, 367, 646, 925, 1204, 1483, 1762, 2041, 2320, 2599]",[977.   5.  40. 841. 484. 899. 319. 168. 314. 951.],[786. 788. 923. 358. 407. 603.  85. 321. 447. 165.]
90,44.0,35.0,"[89, 368, 647, 926, 1205, 1484, 1763, 2042, 2321, 2600]",[681. 989. 788.  66. 748. 562. 536. 144. 927. 228.],[ 46. 906.  13.  77.  60. 900. 737.  72. 729. 934.]
91,44.0,27.0,"[90, 369, 648, 927, 1206, 1485, 1764, 2043, 2322, 2601]",[689. 228. 852. 855.  37. 935. 502. 621. 392. 455.],[438. 352.  97. 984.  35. 175. 996. 952. 510. 944.]
92,32.0,25.0,"[91, 370, 649, 928, 1207, 1486, 1765, 2044, 2323, 2602]",[933. 131. 742. 347. 652. 116. 586. 277. 513. 843.],[116. 279.   6. 444. 159. 674.  15. 251. 161. 661.]
93,24.0,25.0,"[92, 371, 650, 929, 1208, 1487, 1766, 2045, 2324, 2603]",[809. 699. 446. 350. 205. 658. 250. 403.  49. 859.],[503. 588. 183. 594. 536. 588. 983. 968. 279. 294.]
94,16.0,25.0,"[93, 372, 651, 930, 1209, 1488, 1767, 2046, 2325, 2604]",[587. 386. 142. 581. 132.  61. 411. 723. 380. 903.],[603. 951. 964. 715. 998. 116. 345. 904. 490. 791.]
95,16.0,17.0,"[94, 373, 652, 931, 1210, 1489, 1768, 2047, 2326, 2605]",[686. 229. 906. 852.  20. 608. 119.  75. 986.  51.],[194. 599. 112. 536. 409. 643. 524. 622. 819. 390.]
96,24.0,17.0,"[95, 374, 653, 932, 1211, 1490, 1769, 2048, 2327, 2606]",[466. 621. 970. 821. 975. 877. 665. 583. 437. 275.],[341. 752. 780. 288. 153. 142. 978. 990. 174.   5.]
97,32.0,17.0,"[96, 375, 654, 933, 1212, 1491, 1770, 2049, 2328, 2607]",[356. 371. 843. 556.  29. 604.  93. 790. 823. 262.],[545. 740. 676. 532. 907. 407. 672. 677. 248. 970.]
98,44.0,11.0,"[97, 376, 655, 934, 1213, 1492, 1771, 2050, 2329, 2608]",[784. 574. 137. 252. 681. 760. 388. 152. 759. 316.],[ 52. 767. 805. 978.  55. 688. 958. 228. 646.  64.]
99,56.0,9.0,"[98, 377, 656, 935, 1214, 1493, 1772, 2051, 2330, 2609]",[862. 495. 666. 861. 300. 328. 664.  39. 335. 524.],[810. 848. 625. 625. 217. 231. 459. 765. 640. 557.]
100,56.0,17.0,"[99, 378, 657, 936, 1215, 1494, 1773, 2052, 2331, 2610]",[223. 674. 456. 253. 494. 166. 442. 784. 306. 368.],[260. 475. 937. 555.  66. 324. 302. 627. 711. 945.]
101,56.0,25.0,"[100, 379, 658, 937, 1216, 1495, 1774, 2053, 2332, 2611]",[541. 255. 709. 297. 792. 859.  63. 325. 429. 903.],[197. 662. 719. 753. 748. 489. 627. 501. 581. 660.]
102,56.0,33.0,"[101, 380, 659, 938, 1217, 1496, 1775, 2054, 2333, 2612]",[ 61. 352. 526. 826. 259. 929. 708. 400. 890. 425.],[213. 612. 226. 540. 417. 752. 697.  51. 870. 238.]
103,56.0,41.0,"[102, 381, 660, 939, 1218, 1497, 1776, 2055, 2334, 2613]",[416. 588. 889. 540. 726. 821. 474. 384. 542. 151.],[462. 858. 297. 282.  15. 378. 853. 193. 680. 682.]
104,64.0,41.0,"[103, 382, 661, 940, 1219, 1498, 1777, 2056, 2335, 2614]",[ 62. 176. 859. 363. 280. 547. 367. 655. 839. 253.],[ 62. 929. 441. 232.  95. 342. 158. 993. 820. 985.]
105,72.0,41.0,"[104, 383, 662, 941, 1220, 1499, 1778, 2057, 2336, 2615]",[205. 935. 669. 735.  34.  26. 605. 703. 796. 601.],[203. 467. 878.  99. 320. 834. 630. 902. 289. 508.]
106,72.0,49.0,"[105, 384, 663, 942, 1221, 1500, 1779, 2058, 2337, 2616]",[152. 325. 423. 549. 585. 169.  65.  79. 470. 843.],[269.  25. 425. 586.   8. 150. 365. 117. 677. 698.]
107,56.0,49.0,"[106, 385, 664, 943, 1222, 1501, 1780, 2059, 2338, 2617]",[913. 167.  62. 280. 314. 841. 131. 452. 878. 291.],[160. 593.  71. 868. 731. 932. 743. 170. 744. 795.]
108,48.0,51.0,"[107, 386, 665, 944, 1223, 1502, 1781, 2060, 2339, 2618]",[267. 550. 978. 955. 560. 935. 101.   5. 771. 412.],[747. 858. 483. 779. 180. 141. 254. 801. 618. 181.]
109,56.0,57.0,"[108, 387, 666, 945, 1224, 1503, 1782, 2061, 2340, 2619]",[249. 457. 288. 560. 657. 519.  41. 757. 617.  94.],[174. 557. 276. 243. 681. 691. 935. 186. 442. 847.]
110,56.0,65.0,"[109, 388, 667, 946, 1225, 1504, 1783, 2062, 2341, 2620]",[187. 478.  96. 772. 481. 545.  61. 203. 569. 140.],[700. 806. 562. 547.   4. 167. 162. 926. 983. 886.]
111,48.0,63.0,"[110, 389, 668, 947, 1226, 1505, 1784, 2063, 2342, 2621]",[174. 892. 304. 729. 572. 853. 361. 632. 840.  33.],[ 114.  776.  288.  211.  373.  567.  706.  203.  239. 1000.]
112,48.0,73.0,"[111, 390, 669, 948, 1227, 1506, 1785, 2064, 2343, 2622]",[939. 942.   6. 576. 810. 740. 651. 507. 680. 923.],[412. 179.  46. 697. 874. 879. 158. 601.  79. 777.]
113,56.0,73.0,"[112, 391, 670, 949, 1228, 1507, 1786, 2065, 2344, 2623]",[519. 991. 587. 505. 324. 787. 559. 242. 267.  22.],[905. 428. 443. 479. 719.  39. 711. 801. 504. 832.]
114,56.0,81.0,"[113, 392, 671, 950, 1229, 1508, 1787, 2066, 2345, 2624]",[ 56. 988. 326. 120.  12. 751. 236.  82. 594. 525.],[109. 857. 142. 798. 949. 864. 781. 371. 419. 654.]
115,48.0,83.0,"[114, 393, 672, 951, 1230, 1509, 1788, 2067, 2346, 2625]",[381. 866. 561. 791. 297. 823. 132. 388. 823. 715.],[369.  30. 693. 861. 154. 361. 544. 558.  55. 357.]
116,56.0,89.0,"[115, 394, 673, 952, 1231, 1510, 1789, 2068, 2347, 2626]",[551. 123. 226. 721. 970. 569. 441. 806. 738. 618.],[525. 206. 558. 203. 393.   4. 349. 550. 993. 993.]
117,56.0,97.0,"[116, 395, 674, 953, 1232, 1511, 1790, 2069, 2348, 2627]",[128.  86. 124.  97. 768. 182. 348. 914. 530. 151.],[987. 189. 159.  13. 496. 629.   2. 570. 295. 474.]
118,104.0,97.0,"[117, 396, 675, 954, 1233, 1512, 1791, 2070, 2349, 2628]",[812.  70. 337. 229. 253.  96. 308. 822. 673. 306.],[660. 741. 896. 394. 605. 601. 322.  10. 993. 672.]
119,104.0,105.0,"[118, 397, 676, 955, 1234, 1513, 1792, 2071, 2350, 2629]",[753. 186. 927. 343. 417. 486. 358. 721. 497.  86.],[149.  37. 454. 912. 981. 816. 325. 817. 601. 517.]
120,104.0,113.0,"[119, 398, 677, 956, 1235, 1514, 1793, 2072, 2351, 2630]",[544. 314. 723. 302. 113. 491. 107. 205. 166. 225.],[764. 446. 119. 634. 134. 660. 694. 696.  75. 157.]
121,104.0,121.0,"[120, 399, 678, 957, 1236, 1515, 1794, 2073, 2352, 2631]",[684. 163. 693. 688. 975.  62. 256. 461. 872. 579.],[396. 828. 625. 614. 264. 195. 213. 562. 448. 555.]
122,104.0,129.0,"[121, 400, 679, 958, 1237, 1516, 1795, 2074, 2353, 2632]",[830. 119. 819. 928. 496. 565. 308.  58.  58. 763.],[905.  63. 871. 477. 825. 125. 682. 206. 732. 859.]
123,104.0,137.0,"[122, 401, 680, 959, 1238, 1517, 1796, 2075, 2354, 2633]",[725. 774. 664.  16. 572.  26. 252. 692. 733. 921.],[ 30. 246. 810. 167. 710. 643. 238.  27. 941. 512.]
124,104.0,145.0,"[123, 402, 681, 960, 1239, 1518, 1797, 2076, 2355, 2634]",[330.  74. 120.  42. 881. 399. 790. 190. 101.  60.],[384. 383. 105. 788. 638. 258. 854. 441. 640. 622.]
125,116.0,145.0,"[124, 403, 682, 961, 1240, 1519, 1798, 2077, 2356, 2635]",[115. 661. 330. 618. 553. 966. 338. 202. 905.  23.],[981. 115. 185. 347. 617. 980. 487. 994. 532. 843.]
126,124.0,145.0,"[125, 404, 683, 962, 1241, 1520, 1799, 2078, 2357, 2636]",[ 38. 386. 679. 512. 845. 240. 247. 251. 232. 174.],[483. 163. 906. 290. 464. 255. 252.  17. 785. 531.]
127,132.0,145.0,"[126, 405, 684, 963, 1242, 1521, 1800, 2079, 2358, 2637]",[445. 741. 867. 552. 183. 294. 155. 378.  52. 550.],[176. 853.  20. 910. 102. 567. 357. 718.  95. 829.]
128,132.0,137.0,"[127, 406, 685, 964, 1243, 1522, 1801, 2080, 2359, 2638]",[619. 541. 793. 272. 414. 547. 223. 942. 328. 432.],[570. 458. 218. 405.  56. 827. 195. 310. 309. 502.]
129,140.0,137.0,"[128, 407, 686, 965, 1244, 1523, 1802, 2081, 2360, 2639]",[648. 152. 415. 820. 181. 601. 232. 742. 948. 392.],[891. 160. 171.  43. 204. 427. 744.  61. 433. 186.]
130,148.0,137.0,"[129, 408, 687, 966, 1245, 1524, 1803, 2082, 2361, 2640]",[896. 143. 605. 718. 115. 981. 720. 473. 915. 728.],[446. 227. 434. 745. 938. 623. 615. 672.  14. 139.]
131,156.0,137.0,"[130, 409, 688, 967, 1246, 1525, 1804, 2083, 2362, 2641]",[658. 131. 643. 113. 382. 440. 701. 964. 961. 246.],[567. 370. 175. 337.  96.  55. 450. 375. 202. 168.]
132,164.0,137.0,"[131, 410, 689, 968, 1247, 1526, 1805, 2084, 2363, 2642]",[306.  47. 354. 999. 364. 186. 272. 440. 451. 117.],[646. 918. 142.   6. 863. 575. 238. 964. 843. 612.]
133,172.0,125.0,"[132, 411, 690, 969, 1248, 1527, 1806, 2085, 2364, 2643]",[806. 574. 220. 779. 790. 894.  94. 925. 153.  45.],[229. 955. 259.  11. 390. 245. 467. 223. 721. 652.]
134,172.0,117.0,"[133, 412, 691, 970, 1249, 1528, 1807, 2086, 2365, 2644]",[800. 229. 746. 494. 511. 836. 421. 221. 348. 307.],[893. 416. 267. 578.   1. 851. 918.  98. 723. 672.]
135,172.0,109.0,"[134, 413, 692, 971, 1250, 1529, 1808, 2087, 2366, 2645]",[612. 275. 925. 208. 201.  29. 788.   2. 323. 543.],[723. 366. 858.  17.  81. 891. 131. 633.  73. 301.]
136,172.0,101.0,"[135, 414, 693, 972, 1251, 1530, 1809, 2088, 2367, 2646]",[354. 787. 510. 271. 677. 678. 325. 482. 924. 563.],[771. 176. 714.  74.  85. 783. 129. 915. 809. 573.]
137,172.0,93.0,"[136, 415, 694, 973, 1252, 1531, 1810, 2089, 2368, 2647]",[300. 661. 291. 841. 536. 730. 643. 661. 570. 554.],[329. 588. 624. 547. 748. 851. 711. 950. 578. 408.]
138,172.0,85.0,"[137, 416, 695, 974, 1253, 1532, 1811, 2090, 2369, 2648]",[174. 320. 938. 558. 701. 251. 150. 675.  62. 862.],[279. 462. 170.  17. 139. 749. 578. 393. 700.  21.]
139,180.0,85.0,"[138, 417, 696, 975, 1254, 1533, 1812, 2091, 2370, 2649]",[751. 815. 870. 913. 729. 591. 643. 545. 640. 439.],[253. 562. 805. 486. 689. 930. 844. 453. 256. 298.]
140,180.0,77.0,"[139, 418, 697, 976, 1255, 1534, 1813, 2092, 2371, 2650]",[126. 699. 285. 435. 202. 470. 808. 725. 474. 807.],[262. 643. 852. 163. 665. 413. 122. 910. 798. 707.]
141,180.0,69.0,"[140, 419, 698, 977, 1256, 1535, 1814, 2093, 2372, 2651]",[603. 709.  54. 882. 401.  12.  57. 328. 596. 345.],[802.  17. 188. 631. 950. 877. 434. 453.   9.  36.]
142,180.0,61.0,"[141, 420, 699, 978, 1257, 1536, 1815, 2094, 2373, 2652]",[665. 458.  56. 292. 667.  77. 213. 791. 253. 330.],[861. 884. 456. 219. 517.  35. 291. 430. 364. 169.]
143,180.0,53.0,"[142, 421, 700, 979, 1258, 1537, 1816, 2095, 2374, 2653]",[209. 323. 135. 182. 289. 784. 770. 663. 553.  71.],[127. 155. 218. 629. 976. 231. 191. 173.  87. 792.]
144,172.0,53.0,"[143, 422, 701, 980, 1259, 1538, 1817, 2096, 2375, 2654]",[308. 286. 296. 502. 119. 839. 738. 315.  64. 589.],[131. 560. 221. 265.  73. 558. 422.  65. 196. 954.]
145,172.0,61.0,"[144, 423, 702, 981, 1260, 1539, 1818, 2097, 2376, 2655]",[308. 721. 579. 504. 258. 529. 548. 831. 677. 320.],[460. 141. 777. 603. 695. 415. 885. 388. 397. 107.]
146,172.0,69.0,"[145, 424, 703, 982, 1261, 1540, 1819, 2098, 2377, 2656]",[677. 907. 874. 250. 474. 183. 414. 609. 775. 713.],[290. 185. 605. 639. 681. 281. 727. 560. 338. 250.]
147,172.0,77.0,"[146, 425, 704, 983, 1262, 1541, 1820, 2099, 2378, 2657]",[863. 743. 315. 871. 215. 278. 968. 547. 587. 242.],[296. 528. 604.  59. 729.   6. 645. 724. 935. 419.]
148,164.0,81.0,"[147, 426, 705, 984, 1263, 1542, 1821, 2100, 2379, 2658]",[292. 185. 770. 280. 785. 789. 827. 281. 273. 629.],[172. 775. 542. 330. 936. 978. 854.   1. 822. 221.]
149,148.0,85.0,"[148, 427, 706, 985, 1264, 1543, 1822, 2101, 2380, 2659]",[444. 843. 281. 492.  94. 582. 895. 377. 805. 543.],[158. 898. 405. 894. 522. 711. 338. 528.  26. 103.]
150,124.0,85.0,"[149, 428, 707, 986, 1265, 1544, 1823, 2102, 2381, 2660]",[295. 794. 111. 803. 982. 871. 269.  42.  87. 559.],[241. 872. 261. 646. 512. 160. 609. 174. 319. 821.]
151,124.0,93.0,"[150, 429, 708, 987, 1266, 1545, 1824, 2103, 2382, 2661]",[413. 524. 277.  97. 210.  47. 464. 191. 273. 365.],[301. 433. 650. 863. 497. 871. 595. 935. 938. 933.]
152,124.0,109.0,"[151, 430, 709, 988, 1267, 1546, 1825, 2104, 2383, 2662]",[ 72. 233. 454. 889. 664. 985. 958.  84. 835. 647.],[958. 916. 622. 186. 289. 930.  12. 631. 131. 813.]
153,124.0,125.0,"[152, 431, 710, 989, 1268, 1547, 1826, 2105, 2384, 2663]",[321. 841. 866.   6. 720. 908. 284. 604. 278. 688.],[694. 888. 270. 383. 638. 316. 208. 617. 826. 766.]
154,124.0,117.0,"[153, 432, 711, 990, 1269, 1548, 1827, 2106, 2385, 2664]",[981. 491. 106.  60. 667. 830. 908. 767.  47. 571.],[594. 740. 990. 931. 841.  91. 883. 544. 606. 802.]
155,124.0,101.0,"[154, 433, 712, 991, 1270, 1549, 1828, 2107, 2386, 2665]",[797. 427.  29. 401. 307. 804. 550. 584. 420.   7.],[145. 410. 116. 635. 408. 690. 558. 190.  62. 846.]
156,104.0,89.0,"[155, 434, 713, 992, 1271, 1550, 1829, 2108, 2387, 2666]",[507. 893. 621.  74.  63. 337. 312. 397. 502. 305.],[819. 482. 545. 989. 321. 417. 510. 117. 927.  26.]
157,104.0,81.0,"[156, 435, 714, 993, 1272, 1551, 1830, 2109, 2388, 2667]",[715. 396. 177. 577. 870. 483. 562. 792. 926. 703.],[672.  42. 543. 459. 539. 936. 165. 702. 685. 320.]
158,104.0,73.0,"[157, 436, 715, 994, 1273, 1552, 1831, 2110, 2389, 2668]",[512.  25.  94. 438. 136.  69. 180. 531. 411. 404.],[638. 684. 615. 348. 248. 508. 267. 433. 419. 268.]
159,104.0,65.0,"[158, 437, 716, 995, 1274, 1553, 1832, 2111, 2390, 2669]",[892. 547. 273. 344. 766. 463. 921. 538. 309. 160.],[645. 917. 620. 972. 102. 802. 782. 843. 730. 814.]
160,104.0,49.0,"[159, 438, 717, 996, 1275, 1554, 1833, 2112, 2391, 2670]",[ 76. 638. 391. 280. 705. 461. 200. 583. 420. 765.],[915. 130. 618. 688. 144. 908. 650. 830. 289. 255.]
161,104.0,41.0,"[160, 439, 718, 997, 1276, 1555, 1834, 2113, 2392, 2671]",[ 22. 590. 611. 466. 618. 193. 550. 273.  34. 506.],[879. 904. 417. 860. 866. 991.  10. 794. 602. 646.]
162,104.0,33.0,"[161, 440, 719, 998, 1277, 1556, 1835, 2114, 2393, 2672]",[643.  90. 889. 248. 885. 224. 848.  22. 978. 181.],[ 14. 199. 339. 886. 398. 347. 361. 279. 220. 519.]
163,104.0,25.0,"[162, 441, 720, 999, 1278, 1557, 1836, 2115, 2394, 2673]",[866. 506.  13. 806. 655. 790. 193. 885. 631.  91.],[975. 763. 983. 421. 671. 562. 526. 993. 952. 385.]
164,104.0,17.0,"[163, 442, 721, 1000, 1279, 1558, 1837, 2116, 2395, 2674]",[ 74. 615. 494. 562. 140. 253. 534. 469. 280. 981.],[185. 253. 714. 963. 536.  65. 280. 946.  55. 273.]
165,92.0,9.0,"[164, 443, 722, 1001, 1280, 1559, 1838, 2117, 2396, 2675]",[508.  65. 536. 256. 964. 106. 597. 483.  50. 968.],[466. 399. 266. 538. 265. 910. 251. 522. 835. 653.]
166,80.0,9.0,"[165, 444, 723, 1002, 1281, 1560, 1839, 2118, 2397, 2676]",[243. 920. 995.  22. 718. 504. 567. 586. 174.  83.],[511. 185. 323. 371. 759. 151. 479. 337. 242.  32.]
167,72.0,9.0,"[166, 445, 724, 1003, 1282, 1561, 1840, 2119, 2398, 2677]",[776. 968. 853. 656. 239. 840. 455. 829. 847. 685.],[767. 659. 193. 735. 759. 378. 473. 413. 425. 282.]
168,64.0,21.0,"[167, 446, 725, 1004, 1283, 1562, 1841, 2120, 2399, 2678]",[326. 839. 544.  88. 335. 126. 653.  55. 577.  97.],[579. 877. 221. 168. 900.  19. 611. 399. 107.  32.]
169,72.0,25.0,"[168, 447, 726, 1005, 1284, 1563, 1842, 2121, 2400, 2679]",[694. 828. 160. 563. 523.  23. 541. 133. 946.  43.],[496. 834. 105. 846. 124. 916. 932. 757.  37. 969.]
170,80.0,25.0,"[169, 448, 727, 1006, 1285, 1564, 1843, 2122, 2401, 2680]",[662.  52. 622. 847. 655.  74. 801. 657.  88. 835.],[119. 204. 415. 551. 479.  98. 727. 175. 264. 216.]
171,80.0,25.0,"[170, 449, 728, 1007, 1286, 1565, 1844, 2123, 2402, 2681]",[ 17. 145. 752. 371. 647. 572. 353. 163. 806. 189.],[829. 201. 316. 516. 310. 778. 367. 984. 691. 103.]
172,80.0,41.0,"[171, 450, 729, 1008, 1287, 1566, 1845, 2124, 2403, 2682]",[654. 491. 692. 995. 636. 580. 490. 915. 317. 421.],[858. 416. 636. 605. 242. 451. 599. 352. 673. 213.]
173,88.0,49.0,"[172, 451, 730, 1009, 1288, 1567, 1846, 2125, 2404, 2683]",[129. 263. 935. 358. 443. 480. 777. 385. 932. 943.],[547. 572. 559. 690. 572. 779. 748. 378. 789. 714.]
174,104.0,57.0,"[173, 452, 731, 1010, 1289, 1568, 1847, 2126, 2405, 2684]",[662. 723. 685. 192. 551. 451. 911. 242. 615. 175.],[801. 623. 341. 503. 668. 992. 720. 870. 114. 321.]
175,124.0,69.0,"[174, 453, 732, 1011, 1290, 1569, 1848, 2127, 2406, 2685]",[123. 993. 420. 256. 489. 799. 261. 239. 339. 812.],[ 28. 680. 993. 486. 869. 212.  45. 835. 790. 867.]
176,124.0,77.0,"[175, 454, 733, 1012, 1291, 1570, 1849, 2128, 2407, 2686]",[182. 935. 753. 994.  88. 719. 844. 989. 816. 318.],[269. 228. 693. 182. 449. 864. 300. 818. 206. 346.]
177,132.0,81.0,"[176, 455, 734, 1013, 1292, 1571, 1850, 2129, 2408, 2687]",[554. 859. 739. 910. 382. 669. 324. 335. 864. 746.],[113. 987.  31. 538. 892. 983. 437. 332. 931.  73.]
178,140.0,65.0,"[177, 456, 735, 1014, 1293, 1572, 1851, 2130, 2409, 2688]",[421. 218. 110. 356. 815. 701. 932. 308.  40. 552.],[293. 602. 152. 920. 231. 448. 641. 577. 263. 422.]
179,132.0,61.0,"[178, 457, 736, 1015, 1294, 1573, 1852, 2131, 2410, 2689]",[685. 535. 110. 184.  68. 796.  98. 359. 658. 140.],[410. 688. 324. 372. 471. 606. 112. 666. 361. 382.]
180,124.0,61.0,"[179, 458, 737, 1016, 1295, 1574, 1853, 2132, 2411, 2690]",[470. 156. 324. 480. 656. 720. 772. 809. 637. 843.],[850. 228.  52. 123. 811. 688. 785. 801. 986. 804.]
181,124.0,53.0,"[180, 459, 738, 1017, 1296, 1575, 1854, 2133, 2412, 2691]",[ 77. 364. 922. 490. 733. 494.  66. 207. 341. 956.],[237. 246. 694. 445. 654. 293.  57. 569. 658.  91.]
182,124.0,45.0,"[181, 460, 739, 1018, 1297, 1576, 1855, 2134, 2413, 2692]",[264. 315. 114. 229. 226. 160.  24. 551.   4. 482.],[552. 935. 434. 549. 690. 465.  84. 496. 584. 759.]
183,124.0,37.0,"[182, 461, 740, 1019, 1298, 1577, 1856, 2135, 2414, 2693]",[624. 380. 353. 952. 118.  91. 100. 278. 513. 867.],[117. 472. 700.  46. 400.   5. 786. 881. 714. 663.]
184,124.0,29.0,"[183, 462, 741, 1020, 1299, 1578, 1857, 2136, 2415, 2694]",[961.  80. 120. 568. 804. 394. 988. 549. 889. 933.],[ 45. 449. 294. 520. 260. 604. 465. 887. 262. 412.]
185,132.0,21.0,"[184, 463, 742, 1021, 1300, 1579, 1858, 2137, 2416, 2695]",[ 55.  17. 855. 811. 566. 760.  68. 126. 855.  70.],[ 42. 295. 627. 643. 865. 693. 414. 854. 445. 852.]
186,124.0,21.0,"[185, 464, 743, 1022, 1301, 1580, 1859, 2138, 2417, 2696]",[254. 984. 402.  89. 988. 396. 649. 287. 262. 628.],[722. 914. 329. 553. 266. 358.  36. 748. 342. 274.]
187,120.0,9.0,"[186, 465, 744, 1023, 1302, 1581, 1860, 2139, 2418, 2697]",[880. 427. 339. 364. 585. 916. 255. 320. 184. 366.],[710. 628. 128.  11. 417. 539. 627. 817. 635. 474.]
188,128.0,9.0,"[187, 466, 745, 1024, 1303, 1582, 1861, 2140, 2419, 2698]",[921. 675. 285. 420. 366.  27. 162. 514. 892.  65.],[110. 240. 360. 903. 504. 768. 113. 317. 622. 385.]
189,136.0,9.0,"[188, 467, 746, 1025, 1304, 1583, 1862, 2141, 2420, 2699]",[809. 336. 724. 139. 269. 824. 610.  13. 721. 317.],[800. 106. 663. 832. 438. 673.  91. 372. 611. 389.]
190,148.0,9.0,"[189, 468, 747, 1026, 1305, 1584, 1863, 2142, 2421, 2700]",[680. 244. 665. 527.  53. 739. 473. 794. 172. 567.],[618. 530. 613. 672. 310. 442. 574.  64. 575. 882.]
191,162.0,9.0,"[190, 469, 748, 1027, 1306, 1585, 1864, 2143, 2422, 2701]",[554. 672. 101. 364. 552. 371. 641. 258. 638. 752.],[129. 535. 170. 657. 609. 978. 649.  19. 845. 474.]
192,156.0,25.0,"[191, 470, 749, 1028, 1307, 1586, 1865, 2144, 2423, 2702]",[ 62. 582. 579. 622. 377. 922. 907. 522. 504. 322.],[887. 226. 179. 407.  96. 599. 591. 376. 416. 855.]
193,172.0,21.0,"[192, 471, 750, 1029, 1308, 1587, 1866, 2145, 2424, 2703]",[573.  52. 895. 943. 876. 615. 832. 470. 482. 381.],[692. 836. 126. 808.  86. 163. 128. 758. 420. 319.]
194,180.0,21.0,"[193, 472, 751, 1030, 1309, 1588, 1867, 2146, 2425, 2704]",[568. 487. 302. 481.  53. 329. 781. 734. 948. 500.],[604.  37. 488. 506. 701.  28.  43. 545. 480. 948.]
195,180.0,29.0,"[194, 473, 752, 1031, 1310, 1589, 1868, 2147, 2426, 2705]",[ 37. 355.  81. 731. 376. 635. 265. 684. 688. 802.],[ 35. 738. 311. 445.  53. 998. 599. 139. 440. 656.]
196,172.0,29.0,"[195, 474, 753, 1032, 1311, 1590, 1869, 2148, 2427, 2706]",[910. 547. 277.  39.  51. 128. 810. 496. 450. 393.],[963. 783. 523. 152. 685. 882.  28. 861. 995. 610.]
197,172.0,37.0,"[196, 475, 754, 1033, 1312, 1591, 1870, 2149, 2428, 2707]",[632. 736. 478.  95. 925. 630. 899.  96. 362. 799.],[108. 572.  68. 696. 445. 818. 833. 216. 402. 573.]
198,172.0,45.0,"[197, 476, 755, 1034, 1313, 1592, 1871, 2150, 2429, 2708]",[211. 256. 272. 338. 279. 365. 122. 782. 374.  16.],[411.  87. 604. 760. 180. 228. 636. 415. 788. 549.]
199,180.0,45.0,"[198, 477, 756, 1035, 1314, 1593, 1872, 2151, 2430, 2709]",[ 67. 108. 860. 172. 570. 517.  28. 424. 347. 122.],[426. 251. 973. 774. 216. 839. 497. 862. 736. 712.]
200,180.0,37.0,"[199, 478, 757, 1036, 1315, 1594, 1873, 2152, 2431, 2710]",[763. 153. 753. 350. 909. 273. 656. 293. 686. 223.],[104. 962. 275. 700. 915. 586. 747. 164. 920. 147.]
201,188.0,41.0,"[200, 479, 758, 1037, 1316, 1595, 1874, 2153, 2432, 2711]",[568. 691. 956. 634. 940. 241. 803. 528.  83. 773.],[208. 836. 489. 507. 778. 589. 627. 401. 568. 117.]
202,196.0,49.0,"[201, 480, 759, 1038, 1317, 1596, 1875, 2154, 2433, 2712]",[681. 786. 298. 687. 544. 183. 360. 284. 645. 810.],[542. 555. 552. 509. 229.  75. 604. 505.  11. 860.]
203,204.0,57.0,"[202, 481, 760, 1039, 1318, 1597, 1876, 2155, 2434, 2713]",[814. 654. 211. 446. 165. 856. 476. 858. 615. 566.],[248. 678. 460. 966. 451. 372. 838. 820. 250. 315.]
204,212.0,65.0,"[203, 482, 761, 1040, 1319, 1598, 1877, 2156, 2435, 2714]",[514. 975. 244. 398. 351. 362. 755.  31. 230.  55.],[237. 904. 722. 343. 487.  33. 847. 576. 620. 401.]
205,220.0,73.0,"[204, 483, 762, 1041, 1320, 1599, 1878, 2157, 2436, 2715]",[326. 972. 564. 221. 303. 966. 625.   8. 298. 763.],[922. 904. 717.  98. 476. 501. 661. 889. 286. 791.]
206,228.0,69.0,"[205, 484, 763, 1042, 1321, 1600, 1879, 2158, 2437, 2716]",[ 41. 585. 918. 935. 550. 834. 920. 461. 263. 209.],[678. 424. 931.  45. 345. 326. 186. 484. 579. 462.]
207,228.0,77.0,"[206, 485, 764, 1043, 1322, 1601, 1880, 2159, 2438, 2717]",[909. 229. 791. 223. 942. 887. 145. 815. 764. 183.],[392. 871. 661. 488. 638. 616. 293. 438. 836.  39.]
208,236.0,77.0,"[207, 486, 765, 1044, 1323, 1602, 1881, 2160, 2439, 2718]",[192. 654.  73. 683. 991. 466. 473.  97. 537. 470.],[516. 536. 216. 184. 769. 781. 344. 484.  11. 201.]
209,236.0,69.0,"[208, 487, 766, 1045, 1324, 1603, 1882, 2161, 2440, 2719]",[ 59. 469. 866.  98. 151. 332. 767. 514. 660. 686.],[422. 749. 723. 514. 246. 303. 920. 931. 722. 796.]
210,236.0,61.0,"[209, 488, 767, 1046, 1325, 1604, 1883, 2162, 2441, 2720]",[352.  20. 780. 493.  18. 929. 511. 874. 514. 247.],[582. 436. 943. 240. 607. 172. 187. 917. 931. 836.]
211,228.0,61.0,"[210, 489, 768, 1047, 1326, 1605, 1884, 2163, 2442, 2721]",[678. 770. 779.  34. 105. 424. 682. 776. 557.  57.],[327. 949.  45. 427. 516. 863. 888. 128. 976. 360.]
212,228.0,53.0,"[211, 490, 769, 1048, 1327, 1606, 1885, 2164, 2443, 2722]",[885. 162. 912. 106. 744. 826. 579. 279. 989. 453.],[ 97. 731. 785. 421. 954. 125. 574. 983.  46. 407.]
213,236.0,53.0,"[212, 491, 770, 1049, 1328, 1607, 1886, 2165, 2444, 2723]",[596.  90. 567. 947. 383. 262. 748. 971. 611. 998.],[378. 539. 625. 882. 835. 919. 231. 260. 679. 911.]
214,236.0,45.0,"[213, 492, 771, 1050, 1329, 1608, 1887, 2166, 2445, 2724]",[400. 754. 394. 674. 760. 595. 611. 187. 359. 578.],[362. 300. 606.  71. 145. 435. 907. 449. 370. 606.]
215,228.0,45.0,"[214, 493, 772, 1051, 1330, 1609, 1888, 2167, 2446, 2725]",[411. 267. 834. 931. 526. 289. 370. 678. 953.  47.],[124. 329. 450.  61. 171. 450. 851. 472. 200. 387.]
216,228.0,37.0,"[215, 494, 773, 1052, 1331, 1610, 1889, 2168, 2447, 2726]",[746. 223. 328. 150.  45. 111. 205. 432. 703. 691.],[376. 389. 376. 466. 239. 289.  68. 505. 926. 290.]
217,236.0,37.0,"[216, 495, 774, 1053, 1332, 1611, 1890, 2169, 2448, 2727]",[535. 928. 419. 398.  65. 111. 879. 114. 865. 725.],[167. 547. 478. 761. 658. 350. 919. 265. 866. 343.]
218,236.0,29.0,"[217, 496, 775, 1054, 1333, 1612, 1891, 2170, 2449, 2728]",[ 82.  15. 258. 621. 388. 616. 530. 916. 777. 344.],[680. 546.  32. 670. 925. 478. 541.  91. 812. 723.]
219,228.0,29.0,"[218, 497, 776, 1055, 1334, 1613, 1892, 2171, 2450, 2729]",[399. 637.  59. 446. 527. 187. 685. 325. 983.  33.],[679. 924. 668. 304. 177. 494. 309. 924. 323. 749.]
220,228.0,21.0,"[219, 498, 777, 1056, 1335, 1614, 1893, 2172, 2451, 2730]",[412. 493. 375. 383. 861. 420. 794. 725. 478. 532.],[330. 130. 909. 106. 547. 845. 150. 987. 390. 195.]
221,236.0,21.0,"[220, 499, 778, 1057, 1336, 1615, 1894, 2173, 2452, 2731]",[636. 208. 971. 455. 814. 782. 785. 239. 818. 198.],[613. 866. 867. 812. 882. 389. 872. 788. 495. 787.]
222,252.0,21.0,"[221, 500, 779, 1058, 1337, 1616, 1895, 2174, 2453, 2732]",[983.  78. 673. 125. 781. 499. 568.  49. 748. 456.],[345. 357. 507. 256. 146. 401. 854. 638. 173. 854.]
223,260.0,29.0,"[222, 501, 780, 1059, 1338, 1617, 1896, 2175, 2454, 2733]",[360. 292. 487. 485. 694. 889. 658. 978. 367. 207.],[181. 196. 637. 207. 351. 681. 389. 168. 558. 935.]
224,260.0,37.0,"[223, 502, 781, 1060, 1339, 1618, 1897, 2176, 2455, 2734]",[120. 349. 694. 778. 742.  19. 225. 790. 582. 839.],[576. 729. 367. 964. 472. 102. 322. 386. 236. 277.]
225,260.0,45.0,"[224, 503, 782, 1061, 1340, 1619, 1898, 2177, 2456, 2735]",[870. 219. 210. 883. 580. 201. 622. 638. 435. 905.],[698. 588. 650. 301. 646. 823. 217.  88.  16. 644.]
226,260.0,53.0,"[225, 504, 783, 1062, 1341, 1620, 1899, 2178, 2457, 2736]",[808. 781. 187. 282. 124. 151. 743. 803. 696. 293.],[312. 556. 697. 830. 118. 234. 734. 511. 267. 706.]
227,260.0,61.0,"[226, 505, 784, 1063, 1342, 1621, 1900, 2179, 2458, 2737]",[   4.  591.  911.  881.  465.  335. 1000.  711.  269.  292.],[122. 807.  97. 553. 690. 253. 429. 437. 516. 597.]
228,260.0,69.0,"[227, 506, 785, 1064, 1343, 1622, 1901, 2180, 2459, 2738]",[391. 763.  39. 686. 372. 186. 269. 817. 729. 801.],[158. 316. 114. 183. 991. 203. 738. 285.  79.  22.]
229,260.0,77.0,"[228, 507, 786, 1065, 1344, 1623, 1902, 2181, 2460, 2739]",[810. 245. 321.  73. 671. 507. 706. 108. 671. 619.],[476. 168. 353. 372.  75.  74. 295. 120. 678. 694.]
230,276.0,77.0,"[229, 508, 787, 1066, 1345, 1624, 1903, 2182, 2461, 2740]",[819. 382. 234. 721. 931. 788. 982. 394. 148. 692.],[873. 514. 477. 232. 286. 682. 454. 116. 279. 766.]
231,276.0,69.0,"[230, 509, 788, 1067, 1346, 1625, 1904, 2183, 2462, 2741]",[ 958.  534. 1000.  502.  456.  948.  962.  660.  487.  365.],[477. 573. 414. 309. 860. 970. 611. 282. 494. 241.]
232,276.0,61.0,"[231, 510, 789, 1068, 1347, 1626, 1905, 2184, 2463, 2742]",[209. 108. 272. 979. 696. 504. 598. 764. 109.  92.],[857. 381. 194. 357. 514.   5. 984. 122. 194. 853.]
233,276.0,53.0,"[232, 511, 790, 1069, 1348, 1627, 1906, 2185, 2464, 2743]",[717. 852. 737. 489. 226. 447. 677. 614. 662.  40.],[681. 730. 528. 762. 733. 670. 758. 731. 429. 222.]
234,284.0,53.0,"[233, 512, 791, 1070, 1349, 1628, 1907, 2186, 2465, 2744]",[359. 146. 222. 823. 271. 218.  76. 746. 877. 242.],[  3. 883. 493. 625. 110. 146. 298. 878. 260. 266.]
235,284.0,61.0,"[234, 513, 792, 1071, 1350, 1629, 1908, 2187, 2466, 2745]",[895. 941. 992. 769. 755.  82. 821. 237. 420.  98.],[167. 681. 269. 100. 103. 848. 122. 671.  35. 836.]
236,284.0,69.0,"[235, 514, 793, 1072, 1351, 1630, 1909, 2188, 2467, 2746]",[419.  15. 776. 538. 939. 647. 298. 216. 546. 837.],[337. 602. 542. 667. 857. 822. 665. 644. 207. 817.]
237,284.0,77.0,"[236, 515, 794, 1073, 1352, 1631, 1910, 2189, 2468, 2747]",[504. 207. 188. 990. 717. 364.  40. 126. 101. 931.],[134.  12. 534. 497. 845. 300. 374. 930. 188. 212.]
238,284.0,85.0,"[237, 516, 795, 1074, 1353, 1632, 1911, 2190, 2469, 2748]",[588. 270. 980. 331. 159. 650. 955. 752. 822. 760.],[198. 845. 649. 614. 668. 198. 975. 602. 766. 624.]
239,284.0,93.0,"[238, 517, 796, 1075, 1354, 1633, 1912, 2191, 2470, 2749]",[719. 856. 672. 339. 285. 387. 679. 128. 748. 114.],[219. 233. 422. 154. 218. 441. 725. 772. 193. 414.]
240,284.0,101.0,"[239, 518, 797, 1076, 1355, 1634, 1913, 2192, 2471, 2750]",[323. 262. 895. 473. 682. 496. 560. 686. 298. 223.],[151. 674. 461. 959. 601. 661. 226. 759. 589. 248.]
241,288.0,109.0,"[240, 519, 798, 1077, 1356, 1635, 1914, 2193, 2472, 2751]",[341. 681. 618. 485. 134. 401. 415. 231. 339.  42.],[717. 291. 127. 597. 677. 559. 999. 272. 746. 235.]
242,280.0,109.0,"[241, 520, 799, 1078, 1357, 1636, 1915, 2194, 2473, 2752]",[965. 431. 201. 430. 557. 930. 695.  84. 336. 945.],[181. 984. 778. 175. 665. 733. 950. 307. 692. 507.]
243,276.0,101.0,"[242, 521, 800, 1079, 1358, 1637, 1916, 2195, 2474, 2753]",[859.  71. 553. 540. 597. 203. 839. 253. 940. 376.],[ 39. 633. 167. 157. 569. 139. 460.  78. 201. 296.]
244,276.0,93.0,"[243, 522, 801, 1080, 1359, 1638, 1917, 2196, 2475, 2754]",[456. 211. 959. 902. 585. 421. 513. 771. 298. 474.],[191. 166. 139. 864. 766. 289. 741. 298. 675. 220.]
245,276.0,85.0,"[244, 523, 802, 1081, 1360, 1639, 1918, 2197, 2476, 2755]",[760.  53. 112. 190. 329. 375. 422. 702. 591. 292.],[652. 152. 336. 861. 809. 230.  44. 961. 410. 820.]
246,268.0,97.0,"[245, 524, 803, 1082, 1361, 1640, 1919, 2198, 2477, 2756]",[135. 895. 206. 755. 194. 695. 894. 231. 929. 880.],[293. 798. 787. 213. 399. 942. 263. 866. 143. 586.]
247,260.0,109.0,"[246, 525, 804, 1083, 1362, 1641, 1920, 2199, 2478, 2757]",[390. 289. 673. 970. 914. 162. 225. 262.  73. 762.],[ 90. 620. 454.  76. 896. 876. 493. 362. 702.  81.]
248,252.0,101.0,"[247, 526, 805, 1084, 1363, 1642, 1921, 2200, 2479, 2758]",[780. 621.   7. 977. 418. 607. 176. 613.  93. 440.],[319. 256. 757. 146.  98. 913. 653. 595.  65. 927.]
249,260.0,93.0,"[248, 527, 806, 1085, 1364, 1643, 1922, 2201, 2480, 2759]",[496. 881. 480. 815.  59. 620. 559. 161. 541. 676.],[516. 764. 737. 993. 351. 279. 980. 891. 911. 846.]
250,260.0,85.0,"[249, 528, 807, 1086, 1365, 1644, 1923, 2202, 2481, 2760]",[  1. 944. 987. 745. 443. 185. 496. 763. 286. 381.],[156. 291. 307. 890.  99. 251. 710. 534. 856. 629.]
251,236.0,85.0,"[250, 529, 808, 1087, 1366, 1645, 1924, 2203, 2482, 2761]",[906. 962. 821. 322. 156. 985. 457. 430. 345. 606.],[ 11. 850. 346. 560. 688. 100.  36. 632. 894. 877.]
252,228.0,85.0,"[251, 530, 809, 1088, 1367, 1646, 1925, 2204, 2483, 2762]",[171. 882. 548. 436.  29.  70. 568. 356. 301. 204.],[526. 958. 224. 863. 883. 762. 164. 598. 125. 552.]
253,228.0,93.0,"[252, 531, 810, 1089, 1368, 1647, 1926, 2205, 2484, 2763]",[437. 869. 997. 766. 920. 212.  32. 705. 576. 973.],[335.  74. 978. 893. 719. 165. 316. 991. 944. 856.]
254,236.0,93.0,"[253, 532, 811, 1090, 1369, 1648, 1927, 2206, 2485, 2764]",[164. 645. 501. 958. 168. 388. 479. 960. 475. 798.],[ 74. 589.  25. 195. 444. 953. 417. 611. 805. 143.]
255,236.0,101.0,"[254, 533, 812, 1091, 1370, 1649, 1928, 2207, 2486, 2765]",[142. 823. 398.  99.  72. 898. 436. 956. 247. 628.],[968. 450. 837. 381. 249. 414. 530. 664. 559. 983.]
256,228.0,101.0,"[255, 534, 813, 1092, 1371, 1650, 1929, 2208, 2487, 2766]",[876. 988. 783. 236.  23.   7.  26. 532. 267. 699.],[701. 455. 245. 678. 168. 216. 708. 438. 219. 923.]
257,228.0,109.0,"[256, 535, 814, 1093, 1372, 1651, 1930, 2209, 2488, 2767]",[265. 467. 141. 861. 842. 200. 183. 121. 102. 885.],[409. 800. 462.  93. 724. 307. 301. 920. 212. 756.]
258,228.0,117.0,"[257, 536, 815, 1094, 1373, 1652, 1931, 2210, 2489, 2768]",[762.  21. 705. 179. 185. 411. 309.  82. 230.  71.],[722. 652. 350. 225. 802. 686. 496.  95. 291. 794.]
259,228.0,125.0,"[258, 537, 816, 1095, 1374, 1653, 1932, 2211, 2490, 2769]",[319. 485. 886. 968.  98. 825. 260. 607. 214. 769.],[356. 818. 756. 666. 622. 374.  33.  48. 611. 104.]
260,220.0,125.0,"[259, 538, 817, 1096, 1375, 1654, 1933, 2212, 2491, 2770]",[780. 879. 860. 279. 613. 165. 294. 144. 844. 268.],[833. 892. 200. 766. 652. 386. 323. 610.  36. 149.]
261,212.0,117.0,"[260, 539, 818, 1097, 1376, 1655, 1934, 2213, 2492, 2771]",[ 41. 478. 695.  29. 698. 744. 991. 182. 801. 228.],[512. 693. 314. 718. 897. 935. 508. 122. 527. 334.]
262,204.0,109.0,"[261, 540, 819, 1098, 1377, 1656, 1935, 2214, 2493, 2772]",[ 33. 274. 696. 292. 801. 685.  58. 701. 953. 244.],[977. 819. 102. 539. 967.  81. 963. 120. 565.  29.]
263,196.0,101.0,"[262, 541, 820, 1099, 1378, 1657, 1936, 2215, 2494, 2773]",[720. 991. 873. 620. 633. 143. 731. 792. 858. 400.],[782. 801. 853. 892. 683. 675.  77.   3. 908. 813.]
264,188.0,93.0,"[263, 542, 821, 1100, 1379, 1658, 1937, 2216, 2495, 2774]",[887. 286. 823. 285. 679. 938. 598. 302. 364. 177.],[974. 432.  76. 859. 217.  58. 180.  41. 544. 421.]
265,180.0,93.0,"[264, 543, 822, 1101, 1380, 1659, 1938, 2217, 2496, 2775]",[907. 276. 852. 766. 774. 642.  98.  38. 778. 700.],[116. 476. 606. 683. 357. 919. 196. 356. 659.  99.]
266,180.0,101.0,"[265, 544, 823, 1102, 1381, 1660, 1939, 2218, 2497, 2776]",[551. 339. 380. 190. 277. 578. 116. 508. 359.  44.],[334.  85. 302. 148. 609. 830. 687. 727. 187. 217.]
267,180.0,109.0,"[266, 545, 824, 1103, 1382, 1661, 1940, 2219, 2498, 2777]",[732. 815. 455. 325. 784. 811. 956. 421. 356. 232.],[400. 923. 479. 663. 329. 718. 324. 994. 656.  28.]
268,180.0,117.0,"[267, 546, 825, 1104, 1383, 1662, 1941, 2220, 2499, 2778]",[969.  50. 870.  32. 399. 436. 416. 327. 499. 526.],[909. 520.  56. 560. 798. 835. 109. 853. 651. 804.]
269,180.0,125.0,"[268, 547, 826, 1105, 1384, 1663, 1942, 2221, 2500, 2779]",[679. 478. 120. 418. 612.  75. 246. 115. 606. 888.],[255. 576. 658. 245. 662. 174. 213. 854. 511. 242.]
270,196.0,145.0,"[269, 548, 827, 1106, 1385, 1664, 1943, 2222, 2501, 2780]",[228. 840.   7. 537. 707. 765. 870. 443. 212. 998.],[ 32. 672. 823. 675. 637. 951. 705. 527. 683. 199.]
271,204.0,145.0,"[270, 549, 828, 1107, 1386, 1665, 1944, 2223, 2502, 2781]",[168. 914.  62. 203. 265.   1.  62.  90. 468. 562.],[222. 380. 517. 900. 129. 529. 815. 543. 389. 551.]
272,212.0,145.0,"[271, 550, 829, 1108, 1387, 1666, 1945, 2224, 2503, 2782]",[654. 373. 979. 182.  65. 530. 530. 253.  53. 103.],[150. 972. 516. 931.  57.  57. 867. 444. 243. 725.]
273,220.0,145.0,"[272, 551, 830, 1109, 1388, 1667, 1946, 2225, 2504, 2783]",[ 48. 293. 184. 679. 227. 226. 346. 727. 731.  86.],[100. 141.  90. 601. 401. 303. 176. 787. 507. 573.]
274,228.0,145.0,"[273, 552, 831, 1110, 1389, 1668, 1947, 2226, 2505, 2784]",[549. 452. 264. 422. 517. 928. 956. 834. 783. 236.],[611. 285. 793. 222. 141.  91. 712. 557. 604. 443.]
275,236.0,145.0,"[274, 553, 832, 1111, 1390, 1669, 1948, 2227, 2506, 2785]",[260. 495. 425. 143. 882. 565. 874. 255. 438. 978.],[851. 523. 267. 819. 388. 257. 542. 933. 213. 351.]
276,246.0,141.0,"[275, 554, 833, 1112, 1391, 1670, 1949, 2228, 2507, 2786]",[112. 233. 673. 563. 755. 502. 950. 412. 819. 443.],[766. 123. 340. 277. 893.  35. 591. 201. 135. 181.]
277,252.0,125.0,"[276, 555, 834, 1113, 1392, 1671, 1950, 2229, 2508, 2787]",[450. 388. 739. 731. 486. 753. 688. 728. 233. 119.],[771. 621. 394. 262. 440.  40. 649. 408. 105. 800.]
278,260.0,129.0,"[277, 556, 835, 1114, 1393, 1672, 1951, 2230, 2509, 2788]",[925.  41. 150. 488. 485. 644. 587. 674. 322. 516.],[386. 101. 312. 317. 619. 914. 919. 969. 957.  28.]
279,280.0,133.0,"[278, 557, 836, 1115, 1394, 1673, 1952, 2231, 2510, 2789]",[240. 573.  45. 678. 721. 150. 506. 319. 224. 699.],[791. 849. 759. 579.   1.  68. 983.  89. 723. 449.]
